Workbook

Sheet Frontend Tentative Schedule
A1: Tentative Schedule — Frontend development (to end of August 2026)
A2: Started 2026-07-21. August commitment = DEVELOPMENT only (through 2026-08-31). Backend integration dates TBD. Testing & documentation after development.
A4: Phase | B4: Start Date | C4: End Date | D4: Days (weekdays) | E4: Focus | F4: Weekly Date
A5: Phase 1 — Foundation (development) | B5: 46224 | C5: 46233 | D5: =NETWORKDAYS(B5,C5) | E5: Project setup, layout, menus, reusable UI. | F5: =B5+MOD(5-WEEKDAY(B5,2),7)
A6: Phase 2 — Employee features (development) | B6: 46231 | C6: 46247 | D6: =NETWORKDAYS(B6,C6) | E6: Dashboard, file leave, request details, history, edit, and cancel. | F6: =B6+MOD(5-WEEKDAY(B6,2),7)
A7: Phase 3 — Approver / team (development) | B7: 46245 | C7: 46255 | D7: =NETWORKDAYS(B7,C7) | E7: Approvals inbox, approve/reject, file for member, team calendar. | F7: =B7+MOD(5-WEEKDAY(B7,2),7)
A8: Phase 4 — Admin features (development) | B8: 46252 | C8: 46262 | D8: =NETWORKDAYS(B8,C8) | E8: Admin requests, conversion review, balances, logs, and reports. | F8: =B8+MOD(5-WEEKDAY(B8,2),7)
A9: Phase 5 — Development complete (commitment) | B9: 46262 | C9: 46265 | D9: =NETWORKDAYS(B9,C9) | E9: Frontend development screens targeted complete. End of August = development only. | F9: =B9+MOD(5-WEEKDAY(B9,2),7)
A12: After / alongside development (no fixed end dates yet)
A13: Item | B13: Notes
A14: Backend integration (parallel / TBD) | B14: Ongoing with backend partner — no fixed day count yet. Update when APIs and cookie/session are ready.
A15: Testing (after development) | B15: Planned to start on/after 2026-09-01. End date TBD.
A16: Documentation (after development) | B16: Planned to start on/after 2026-09-01. End date TBD.
A19: Overall % | C19: Completed | E19: In Progress | G19: Not Started
A20: =IF(COUNTA('[1]Progress Tracker'!F:F)<=1,0,AVERAGE('[1]Progress Tracker'!G:G)) | C20: =COUNTIF('[1]Progress Tracker'!F:F,"Completed") | E20: =COUNTIF('[1]Progress Tracker'!F:F,"In Progress") | G20: =COUNTIF('[1]Progress Tracker'!F:F,"Not Started")
A22: Section | B22: Tasks | C22: Completed | D22: In Progress | E22: Not Started | F22: Blocked | G22: Progress %
A23: 1. Project Setup | B23: =COUNTIF('[1]Progress Tracker'!A:A,A23) | C23: =COUNTIFS('[1]Progress Tracker'!A:A,A23,'[1]Progress Tracker'!F:F,"Completed") | D23: =COUNTIFS('[1]Progress Tracker'!A:A,A23,'[1]Progress Tracker'!F:F,"In Progress") | E23: =COUNTIFS('[1]Progress Tracker'!A:A,A23,'[1]Progress Tracker'!F:F,"Not Started") | F23: =COUNTIFS('[1]Progress Tracker'!A:A,A23,'[1]Progress Tracker'!F:F,"Blocked") | G23: =IF(B23=0,0,(C23+0.5*D23)/B23)
A24: 2. Core App Shell | B24: =COUNTIF('[1]Progress Tracker'!A:A,A24) | C24: =COUNTIFS('[1]Progress Tracker'!A:A,A24,'[1]Progress Tracker'!F:F,"Completed") | D24: =COUNTIFS('[1]Progress Tracker'!A:A,A24,'[1]Progress Tracker'!F:F,"In Progress") | E24: =COUNTIFS('[1]Progress Tracker'!A:A,A24,'[1]Progress Tracker'!F:F,"Not Started") | F24: =COUNTIFS('[1]Progress Tracker'!A:A,A24,'[1]Progress Tracker'!F:F,"Blocked") | G24: =IF(B24=0,0,(C24+0.5*D24)/B24)
A25: 3. Employee Features | B25: =COUNTIF('[1]Progress Tracker'!A:A,A25) | C25: =COUNTIFS('[1]Progress Tracker'!A:A,A25,'[1]Progress Tracker'!F:F,"Completed") | D25: =COUNTIFS('[1]Progress Tracker'!A:A,A25,'[1]Progress Tracker'!F:F,"In Progress") | E25: =COUNTIFS('[1]Progress Tracker'!A:A,A25,'[1]Progress Tracker'!F:F,"Not Started") | F25: =COUNTIFS('[1]Progress Tracker'!A:A,A25,'[1]Progress Tracker'!F:F,"Blocked") | G25: =IF(B25=0,0,(C25+0.5*D25)/B25)
A26: 4. Approver / Team Features | B26: =COUNTIF('[1]Progress Tracker'!A:A,A26) | C26: =COUNTIFS('[1]Progress Tracker'!A:A,A26,'[1]Progress Tracker'!F:F,"Completed") | D26: =COUNTIFS('[1]Progress Tracker'!A:A,A26,'[1]Progress Tracker'!F:F,"In Progress") | E26: =COUNTIFS('[1]Progress Tracker'!A:A,A26,'[1]Progress Tracker'!F:F,"Not Started") | F26: =COUNTIFS('[1]Progress Tracker'!A:A,A26,'[1]Progress Tracker'!F:F,"Blocked") | G26: =IF(B26=0,0,(C26+0.5*D26)/B26)
A27: 5. Admin Features | B27: =COUNTIF('[1]Progress Tracker'!A:A,A27) | C27: =COUNTIFS('[1]Progress Tracker'!A:A,A27,'[1]Progress Tracker'!F:F,"Completed") | D27: =COUNTIFS('[1]Progress Tracker'!A:A,A27,'[1]Progress Tracker'!F:F,"In Progress") | E27: =COUNTIFS('[1]Progress Tracker'!A:A,A27,'[1]Progress Tracker'!F:F,"Not Started") | F27: =COUNTIFS('[1]Progress Tracker'!A:A,A27,'[1]Progress Tracker'!F:F,"Blocked") | G27: =IF(B27=0,0,(C27+0.5*D27)/B27)
A28: 6. Backend Integration (TBD) | B28: =COUNTIF('[1]Progress Tracker'!A:A,A28) | C28: =COUNTIFS('[1]Progress Tracker'!A:A,A28,'[1]Progress Tracker'!F:F,"Completed") | D28: =COUNTIFS('[1]Progress Tracker'!A:A,A28,'[1]Progress Tracker'!F:F,"In Progress") | E28: =COUNTIFS('[1]Progress Tracker'!A:A,A28,'[1]Progress Tracker'!F:F,"Not Started") | F28: =COUNTIFS('[1]Progress Tracker'!A:A,A28,'[1]Progress Tracker'!F:F,"Blocked") | G28: =IF(B28=0,0,(C28+0.5*D28)/B28)
A29: 7. Testing (after development) | B29: =COUNTIF('[1]Progress Tracker'!A:A,A29) | C29: =COUNTIFS('[1]Progress Tracker'!A:A,A29,'[1]Progress Tracker'!F:F,"Completed") | D29: =COUNTIFS('[1]Progress Tracker'!A:A,A29,'[1]Progress Tracker'!F:F,"In Progress") | E29: =COUNTIFS('[1]Progress Tracker'!A:A,A29,'[1]Progress Tracker'!F:F,"Not Started") | F29: =COUNTIFS('[1]Progress Tracker'!A:A,A29,'[1]Progress Tracker'!F:F,"Blocked") | G29: =IF(B29=0,0,(C29+0.5*D29)/B29)
A30: 8. Documentation (after development) | B30: =COUNTIF('[1]Progress Tracker'!A:A,A30) | C30: =COUNTIFS('[1]Progress Tracker'!A:A,A30,'[1]Progress Tracker'!F:F,"Completed") | D30: =COUNTIFS('[1]Progress Tracker'!A:A,A30,'[1]Progress Tracker'!F:F,"In Progress") | E30: =COUNTIFS('[1]Progress Tracker'!A:A,A30,'[1]Progress Tracker'!F:F,"Not Started") | F30: =COUNTIFS('[1]Progress Tracker'!A:A,A30,'[1]Progress Tracker'!F:F,"Blocked") | G30: =IF(B30=0,0,(C30+0.5*D30)/B30)

Sheet Backend Tentative Schedule
A1: Tentative Schedule — Backend development (to end of August 2026)
A2: Started first week of July. August commitment = DEVELOPMENT only (through 2026-08-31). Frontend integration TBD. Testing & documentation after development. Progress % below uses Backend Progress Tracker (same scoring as Frontend).
A4: Phase | B4: Start Date | C4: Target End Date | D4: Days (weekdays) | E4: Focus | F4: Weekly Date
A5: Phase 1 — Foundation (development) | B5: 46209 | C5: 46220 | D5: =NETWORKDAYS(B5,C5) | E5: Portal auth, /me, /health, dual DB, CORS, schema/models, leave config | F5: =B5+MOD(5-WEEKDAY(B5,2),7)
A6: Phase 2 — Employee features (development) | B6: 46223 | C6: 46248 | D6: =NETWORKDAYS(B6,C6) | E6: VL: submit, list, edit, cancel, attachments, balances read, on-behalf, submit notify. Still open: other leave-type filing (EL/ML/PL/PTB/LL), reject/next-tier notify leftovers | F6: =B6+MOD(5-WEEKDAY(B6,2),7)
A7: Phase 3 — Approver APIs (development) | B7: 46227 | C7: 46248 | D7: =NETWORKDAYS(B7,C7) | E7: VL: pending inbox, approve/reject, finalize/confirm, file-for-member, confirm email. Still open: admin-requirement paths for other types, president verify, special group rules | F7: =B7+MOD(5-WEEKDAY(B7,2),7)
A8: Phase 4 — Admin APIs (development) | B8: 46252 | C8: 46262 | D8: =NETWORKDAYS(B8,C8) | E8: VL→SL conversion, admin review, manual opening balances/adjust, reports; other leave types + admin requirements if FE needs; finish notify leftovers | F8: =B8+MOD(5-WEEKDAY(B8,2),7)
A9: Phase 5 — Development complete (commitment) | B9: 46262 | C9: 46265 | D9: =NETWORKDAYS(B9,C9) | E9: Backend API development targeted for completion (August commitment) | F9: =B9+MOD(5-WEEKDAY(B9,2),7)
A12: After / alongside development (no fixed end dates yet)
A13: Item | B13: Notes
A14: Frontend integration (parallel / TBD) | B14: Ongoing with frontend partner — no fixed day count yet. Update when frontend pages are ready.
A15: Testing (after development) | B15: Planned to start on/after 2026-09-01. End date TBD.
A16: Documentation (after development) | B16: Planned to start on/after 2026-09-01. End date TBD.
A19: Overall % | C19: Completed | E19: In Progress | G19: Not Started
A20: =IF(COUNTA('Backend Progress Tracker'!C:C)<=1,0,AVERAGE('Backend Progress Tracker'!D:D)) | C20: =COUNTIF('Backend Progress Tracker'!C:C,"Completed") | E20: =COUNTIF('Backend Progress Tracker'!C:C,"In Progress") | G20: =COUNTIF('Backend Progress Tracker'!C:C,"Not Started")
A22: Section | B22: Tasks | C22: Completed | D22: In Progress | E22: Not Started | F22: Blocked | G22: Progress %
A23: 1. Foundation | B23: =COUNTIF('Backend Progress Tracker'!A:A,A23) | C23: =COUNTIFS('Backend Progress Tracker'!A:A,A23,'Backend Progress Tracker'!C:C,"Completed") | D23: =COUNTIFS('Backend Progress Tracker'!A:A,A23,'Backend Progress Tracker'!C:C,"In Progress") | E23: =COUNTIFS('Backend Progress Tracker'!A:A,A23,'Backend Progress Tracker'!C:C,"Not Started") | F23: =COUNTIFS('Backend Progress Tracker'!A:A,A23,'Backend Progress Tracker'!C:C,"Blocked") | G23: =IF(B23=0,0,(C23+0.5*D23)/B23)
A24: 2. Employee Features | B24: =COUNTIF('Backend Progress Tracker'!A:A,A24) | C24: =COUNTIFS('Backend Progress Tracker'!A:A,A24,'Backend Progress Tracker'!C:C,"Completed") | D24: =COUNTIFS('Backend Progress Tracker'!A:A,A24,'Backend Progress Tracker'!C:C,"In Progress") | E24: =COUNTIFS('Backend Progress Tracker'!A:A,A24,'Backend Progress Tracker'!C:C,"Not Started") | F24: =COUNTIFS('Backend Progress Tracker'!A:A,A24,'Backend Progress Tracker'!C:C,"Blocked") | G24: =IF(B24=0,0,(C24+0.5*D24)/B24)
A25: 3. Approver Features | B25: =COUNTIF('Backend Progress Tracker'!A:A,A25) | C25: =COUNTIFS('Backend Progress Tracker'!A:A,A25,'Backend Progress Tracker'!C:C,"Completed") | D25: =COUNTIFS('Backend Progress Tracker'!A:A,A25,'Backend Progress Tracker'!C:C,"In Progress") | E25: =COUNTIFS('Backend Progress Tracker'!A:A,A25,'Backend Progress Tracker'!C:C,"Not Started") | F25: =COUNTIFS('Backend Progress Tracker'!A:A,A25,'Backend Progress Tracker'!C:C,"Blocked") | G25: =IF(B25=0,0,(C25+0.5*D25)/B25)
A26: 4. Admin Features | B26: =COUNTIF('Backend Progress Tracker'!A:A,A26) | C26: =COUNTIFS('Backend Progress Tracker'!A:A,A26,'Backend Progress Tracker'!C:C,"Completed") | D26: =COUNTIFS('Backend Progress Tracker'!A:A,A26,'Backend Progress Tracker'!C:C,"In Progress") | E26: =COUNTIFS('Backend Progress Tracker'!A:A,A26,'Backend Progress Tracker'!C:C,"Not Started") | F26: =COUNTIFS('Backend Progress Tracker'!A:A,A26,'Backend Progress Tracker'!C:C,"Blocked") | G26: =IF(B26=0,0,(C26+0.5*D26)/B26)
A27: 5. Frontend Integration (TBD) | B27: =COUNTIF('Backend Progress Tracker'!A:A,A27) | C27: =COUNTIFS('Backend Progress Tracker'!A:A,A27,'Backend Progress Tracker'!C:C,"Completed") | D27: =COUNTIFS('Backend Progress Tracker'!A:A,A27,'Backend Progress Tracker'!C:C,"In Progress") | E27: =COUNTIFS('Backend Progress Tracker'!A:A,A27,'Backend Progress Tracker'!C:C,"Not Started") | F27: =COUNTIFS('Backend Progress Tracker'!A:A,A27,'Backend Progress Tracker'!C:C,"Blocked") | G27: =IF(B27=0,0,(C27+0.5*D27)/B27)
A28: 6. Testing (after development) | B28: =COUNTIF('Backend Progress Tracker'!A:A,A28) | C28: =COUNTIFS('Backend Progress Tracker'!A:A,A28,'Backend Progress Tracker'!C:C,"Completed") | D28: =COUNTIFS('Backend Progress Tracker'!A:A,A28,'Backend Progress Tracker'!C:C,"In Progress") | E28: =COUNTIFS('Backend Progress Tracker'!A:A,A28,'Backend Progress Tracker'!C:C,"Not Started") | F28: =COUNTIFS('Backend Progress Tracker'!A:A,A28,'Backend Progress Tracker'!C:C,"Blocked") | G28: =IF(B28=0,0,(C28+0.5*D28)/B28)
A29: 7. Documentation (after development) | B29: =COUNTIF('Backend Progress Tracker'!A:A,A29) | C29: =COUNTIFS('Backend Progress Tracker'!A:A,A29,'Backend Progress Tracker'!C:C,"Completed") | D29: =COUNTIFS('Backend Progress Tracker'!A:A,A29,'Backend Progress Tracker'!C:C,"In Progress") | E29: =COUNTIFS('Backend Progress Tracker'!A:A,A29,'Backend Progress Tracker'!C:C,"Not Started") | F29: =COUNTIFS('Backend Progress Tracker'!A:A,A29,'Backend Progress Tracker'!C:C,"Blocked") | G29: =IF(B29=0,0,(C29+0.5*D29)/B29)

Sheet Backend Progress Tracker
A1: Section | B1: Task | C1: Status | D1: Progress %
A2: 1. Foundation | B2: Dual DB setup — formsdb + kdtphdb (read-only) | C2: Completed | D2: =IF(C2="Completed",1,IF(C2="In Progress",0.5,0))
A3: 1. Foundation | B3: Portal cookie auth (userID → kdtlogin) | C3: Completed | D3: =IF(C3="Completed",1,IF(C3="In Progress",0.5,0))
A4: 1. Foundation | B4: Routes — GET /api/me, GET /api/health | C4: Completed | D4: =IF(C4="Completed",1,IF(C4="In Progress",0.5,0))
A5: 1. Foundation | B5: Schema migrations — 8 revamp tables + indexes | C5: Completed | D5: =IF(C5="Completed",1,IF(C5="In Progress",0.5,0))
A6: 1. Foundation | B6: Eloquent models + PHP backed enums | C6: Completed | D6: =IF(C6="Completed",1,IF(C6="In Progress",0.5,0))
A7: 1. Foundation | B7: LeaveTypeSeeder (VL, SL, EL, ML, PL, PTB, LL) | C7: Completed | D7: =IF(C7="Completed",1,IF(C7="In Progress",0.5,0))
A8: 1. Foundation | B8: Config — president_emp_id, CORS, attachments, notifications | C8: Completed | D8: =IF(C8="Completed",1,IF(C8="In Progress",0.5,0))
A9: 1. Foundation | B9: Staging/prod portal cookie & env verify with infra | C9: In Progress | D9: =IF(C9="Completed",1,IF(C9="In Progress",0.5,0))
A10: 2. Employee Features | B10: POST /leaves — submit VL with validation | C10: Completed | D10: =IF(C10="Completed",1,IF(C10="In Progress",0.5,0))
A11: 2. Employee Features | B11: Duration calc — workdays, holidays, half-day | C11: Completed | D11: =IF(C11="Completed",1,IF(C11="In Progress",0.5,0))
A12: 2. Employee Features | B12: paid_days / lwop_days split + reserve credits | C12: Completed | D12: =IF(C12="Completed",1,IF(C12="In Progress",0.5,0))
A13: 2. Employee Features | B13: Snapshot approval requirements at submit | C13: Completed | D13: =IF(C13="Completed",1,IF(C13="In Progress",0.5,0))
... A57: 7. Documentation (after development) | B57: Env / portal cookie cutover checklist | C57: Not Started | D57: =IF(C57="Completed",1,IF(C57="In Progress",0.5,0))
A59: Commitment: backend DEVELOPMENT by end of August (weekdays). Phases 2–3 are Partial (VL only) until other leave types are done. Testing & Documentation after development (from Sep 2026). Legacy leaves stay in legacy app; opening balances entered manually. Change Status in column C — Progress % and the Backend Tentative Schedule summary update automatically.
